Day,Canada,France,Germany,India,United Kingdom,United States
2020/2/1,0.014719495,0.006667533,0.001698937,0.000501104,0.002095317,0.000836562
2020/2/2,0.011039621,0.006667533,0.015290436,0.000584622,0.002095317,0.000836562
2020/2/3,0.011039621,0.006667533,0.015290436,0.000701546,0.002095317,0.001254843
2020/2/4,0.022079242,0.006667533,0.015290436,0.001169244,0.004190633,0.002091405
2020/2/5,0.025759116,0.006667533,0.015290436,0.001169244,0.04190633,0.003764528
2020/2/6,0.022079242,0.006667533,0.015290436,0.001052319,0.04190633,0.00460109
2020/2/7,0.025759116,0.006667533,0.015290436,0.000584622,0.044001646,0.00460109
2020/2/8,0.0300523,0.006667533,0.015290436,0.000584622,0.04190633,0.00460109
2020/2/9,0.0300523,0.013335065,0.015290436,0.000501104,0.04190633,0.00460109
2020/2/10,0.0300523,0.013335065,0.015290436,0.000400883,0.04819228,0.004182809
2020/2/11,0.012879558,0.013335065,0.015290436,0,0.04819228,0.002927966
2020/2/12,0.008586371,0.013335065,0.015290436,0,0.012571899,0.001254843
2020/2/13,0.008586371,0.013335065,0.015290436,0,0.020953165,0.000418281
2020/2/14,0.007359747,0.013335065,0.015290436,0,0.020953165,0.001254843
2020/2/15,0,0.013335065,0.015290436,0,0.023048481,0.001673124
2020/2/16,0,0,0.008494686,0,0.023048481,0.001673124
2020/2/17,0.003679874,0,0.008494686,0,0.016762532,0.001673124
2020/2/18,0.003679874,0,0.008494686,0,0.014667216,0.001673124
2020/2/19,0.003679874,0,0.008494686,0,0.014667216,0.002509685
2020/2/20,0.003679874,0,0.008494686,0,0.00628595,0.00460109
2020/2/21,0.003679874,0,0.008494686,0,0.004190633,0.005019371
2020/2/22,0.007359747,0,0.008494686,0,0.002095317,0.005019371
2020/2/23,0.007359747,0.008890044,0.010193624,0,0.00628595,0.006692494
2020/2/24,0.003679874,0.008890044,0.010193624,0,0.00628595,0.010038741
2020/2/25,0.007359747,0.008890044,0.010193624,0,0.018857848,0.010038741
2020/2/26,0.007359747,0.008890044,0.010193624,0,0.020953165,0.010875303
2020/2/27,0.011039621,0.008890044,0.010193624,0,0.027239114,0.010457022
2020/2/28,0.014719495,0.008890044,0.010193624,0,0.03142975,0.012548426
2020/2/29,0.014719495,0.008890044,0.010193624,0,0.04819228,0.01422155
2020/3/1,0.022079242,0,0.23615229,0,0.06914544,0.01380327
2020/3/2,0.022079242,0,0.23615229,0,0.07752671,0.01422155
2020/3/3,0.05151823,0,0.23615229,0.000467697,0.106861144,0.021750607
2020/3/4,0.08463709,0,0.23615229,0.00268926,0.18857849,0.034717314
2020/3/5,0.08095722,0,0.23615229,0.002806184,0.30382088,0.054376516
2020/3/6,0.12143583,0,0.23615229,0.003040033,0.416968,0.08030993
2020/3/7,0.11775596,0,0.23615229,0.003390806,0.502876,0.11084443
2020/3/8,0.13247545,0,1.5375383,0.003975428,0.65164346,0.16354783
2020/3/9,0.1545547,0,1.5375383,0.003908614,0.7857437,0.22085232
2020/3/10,0.1398352,0,1.5375383,0.004109055,0.8590798,0.3019988
2020/3/11,0.16191444,0,1.5375383,0.003207068,1.0832787,0.4504885
2020/3/12,0.25759116,0,1.5375383,0.004409718,1.5170091,0.6370418
2020/3/13,0.21343267,0,1.5375383,0.005011044,2.244084,0.8273596
2020/3/14,0.34222823,0,1.5375383,0.005011044,3.1555467,1.0988239
2020/3/15,0.4599842,0,10.942855,0.006815019,3.9831967,1.4493433
2020/3/16,0.50046283,0,10.942855,0.007015461,4.5782666,1.8981587
2020/3/17,0.68813634,0,10.942855,0.008719215,5.3870587,2.7025127
2020/3/18,0.9089288,0,10.942855,0.009120099,6.338332,3.5302906
2020/3/19,1.1812395,0,10.942855,0.010022087,7.4237065,4.673034
2020/3/20,1.7148211,0,10.942855,0.014231363,8.641086,6.4871182
2020/3/21,2.6053505,0,10.942855,0.019943953,9.806081,8.739979
2020/3/22,2.9254994,0,38.06809,0.02535588,11.429952,11.496868
2020/3/23,4.08098,0,38.06809,0.032070678,13.17116,14.797523
2020/3/24,4.3459306,0,38.06809,0.038284373,15.09885,18.407288
2020/3/25,4.864793,0,38.06809,0.045600493,18.63365,21.914572
2020/3/26,5.648606,0,38.06809,0.047705133,21.923296,25.303902
2020/3/27,10.362524,0,38.06809,0.050210655,25.447618,29.174255
2020/3/28,11.672559,0,38.06809,0.06273826,29.636156,34.344624
2020/3/29,13.630252,0,57.73159,0.062036715,33.62145,39.692345
2020/3/30,15.028604,0,57.73159,0.063840695,36.955097,44.528927
2020/3/31,17.75539,0,57.73159,0.07336167,40.007973,50.96878
2020/4/1,21.26231,0,57.73159,0.103327714,44.001648,52.969
2020/4/2,24.202528,0,57.73159,0.13189065,48.422764,57.958256
2020/4/3,22.852015,0,57.73159,0.1580483,53.084843,64.048004
2020/4/4,26.679083,0,57.73159,0.19974019,56.82498,68.78127
2020/4/5,28.86493,0,61.275574,0.24002898,60.38283,73.680595
2020/4/6,31.264206,0,61.275574,0.3002617,62.9014,78.47451
2020/4/7,34.00571,0,61.275574,0.31770015,64.44775,78.818756
2020/4/8,33.961555,0,61.275574,0.3645033,66.7065,84.29531
2020/4/9,34.39578,0,61.275574,0.39086136,68.83115,86.844734
2020/4/10,35.617496,0,61.275574,0.412008,69.365456,89.1344
2020/4/11,34.8852,0,61.275574,0.45550382,69.47231,91.20615
2020/4/12,35.378304,0,46.117653,0.49930036,68.37018,91.67546
2020/4/13,34.66073,0,46.117653,0.5096231,67.55091,91.42491
2020/4/14,32.6368,0,46.117653,0.5955124,67.448235,91.47092
2020/4/15,33.155663,0,46.117653,0.6178616,65.20625,90.05504
2020/4/16,33.71868,0,46.117653,0.65293896,62.813396,88.34176
2020/4/17,33.45005,0,46.117653,0.69904053,62.654156,84.602325
2020/4/18,34.34426,0,46.117653,0.6946308,63.5279,83.24333
2020/4/19,35.838287,0,29.468067,0.7372247,64.889854,82.0458
2020/4/20,36.942253,0,29.468067,0.8130919,67.31833,80.68471
2020/4/21,38.311165,0,29.468067,0.8256195,68.101974,80.25639
2020/4/22,41.06371,0,29.468067,0.8563873,68.60066,80.75163
2020/4/23,41.825443,0,29.468067,0.9032907,69.566605,81.031044
2020/4/24,43.477707,0,29.468067,0.9711402,70.50321,83.23204
2020/4/25,44.22472,0,29.468067,1.015037,70.2392,83.950226
2020/4/26,44.176884,0,20.983576,1.0807818,70.20567,85.8166
2020/4/27,44.162163,0,20.983576,1.0650471,68.137596,88.04269
2020/4/28,44.55591,0,20.983576,1.0857929,67.288994,88.039764
2020/4/29,42.933086,0,20.983576,1.1373063,67.9134,86.92295
2020/4/30,42.697575,0,20.983576,1.1682746,67.75206,86.08974
2020/5/1,41.98,0,20.983576,1.1992428,67.57605,84.54377
2020/5/2,40.942272,0,20.983576,1.2858337,67.146515,83.71139
2020/5/3,41.115227,0,12.643492,1.3513782,66.73792,83.00198
2020/5/4,41.810722,0,12.643492,1.4673337,65.69236,80.780495
2020/5/5,46.28913,0,12.643492,1.7035543,64.69918,80.72361
2020/5/6,45.15941,0,12.643492,1.8098886,61.889362,80.123795
2020/5/7,44.232082,0,12.643492,1.9945956,59.724903,79.68167
2020/5/8,43.779457,0,12.643492,2.1346042,56.3703,79.12369
2020/5/9,42.999325,0,12.643492,2.237531,53.910397,78.00729
2020/5/10,41.847523,0,10.606465,2.3009708,50.34417,76.23002
2020/5/11,40.43077,0,10.606465,2.4673376,48.064465,75.2366
2020/5/12,34.491455,0,10.606465,2.4376721,46.67108,73.031845
2020/5/13,33.884277,0,10.606465,2.4944973,47.119476,72.03884
2020/5/14,33.51997,0,10.606465,2.510633,46.54117,72.46716
2020/5/15,32.31297,0,10.606465,2.5684605,45.489323,69.077415
2020/5/16,31.521797,0,10.606465,2.6336038,43.06504,71.62517
2020/5/17,30.101366,1.5046399,8.112426,2.8049817,41.94614,70.70286
2020/5/18,30.038809,1.5046399,8.112426,2.908109,41.761753,70.771454
2020/5/19,30.009369,1.5046399,8.112426,3.0450106,40.714096,70.46234
2020/5/20,29.777536,1.5046399,8.112426,3.2540712,38.553825,71.63102
2020/5/21,29.280754,1.5046399,8.112426,3.443188,37.826748,70.803246
2020/5/22,28.875969,1.5046399,8.112426,3.6557565,36.54651,73.38403
2020/5/23,28.83917,1.5046399,8.112426,3.9247494,36.414505,69.848724
2020/5/24,28.949566,9.645698,6.12297,4.1031423,35.42342,69.57057
2020/5/25,28.544779,9.645698,6.12297,4.2770257,34.270996,67.639786
2020/5/26,28.323988,9.645698,6.12297,4.4338713,33.29877,67.9468
2020/5/27,28.110554,9.645698,6.12297,4.511643,31.295647,66.53928
2020/5/28,27.727848,9.645698,6.12297,4.607554,29.214998,64.69341
2020/5/29,27.216345,9.645698,6.12297,4.7456584,27.341785,63.021126
2020/5/30,26.450932,9.645698,6.12297,4.876948,25.644579,62.1808
2020/5/31,25.530964,7.6365476,5.446793,5.0386043,24.542442,61.25138
2020/6/1,24.17309,7.6365476,5.446793,5.1804166,23.704315,62.364845
2020/6/2,22.99185,7.6365476,5.446793,5.344378,23.090387,62.70574
2020/6/3,22.057163,7.6365476,5.446793,5.597135,22.700659,61.77632
2020/6/4,21.207111,7.6365476,5.446793,5.8715396,21.489567,63.225246
2020/6/5,20.482176,7.6365476,5.446793,6.1105666,20.534101,63.72175
2020/6/6,19.186861,7.6365476,5.446793,6.3032913,19.46968,62.3364
2020/6/7,18.093939,6.1007924,3.9992986,6.4627423,18.614792,62.650112
2020/6/8,17.909945,6.1007924,3.9992986,6.622194,17.927528,62.29792
2020/6/9,17.48676,6.1007924,3.9992986,6.804195,17.177404,61.038475
2020/6/10,16.702946,6.1007924,3.9992986,6.9120326,16.464996,61.454247
2020/6/11,15.613704,6.1007924,3.9992986,6.9813857,15.779828,60.4533
2020/6/12,14.86669,6.1007924,3.9992986,7.0921297,15.417338,61.074867
2020/6/13,13.9982395,6.1007924,3.9992986,7.2495766,14.922844,61.919792
2020/6/14,13.276984,5.8385363,3.9891047,7.445809,14.776172,63.52683
2020/6/15,12.338616,5.8385363,3.9891047,7.5980444,14.947988,64.843994
2020/6/16,11.36345,5.8385363,3.9891047,7.666195,15.165901,65.81566
2020/6/17,10.682673,5.8385363,3.9891047,7.765313,15.052753,66.836266
2020/6/18,10.355165,5.8385363,3.9891047,8.05445,14.922844,69.42793
2020/6/19,10.038695,5.8385363,3.9891047,8.318031,14.547783,70.94839
2020/6/20,9.89886,5.8385363,3.9891047,8.624507,14.56664,73.30331
2020/6/21,9.884141,5.038432,7.1219454,8.973676,14.440921,75.29935
2020/6/22,9.60079,5.038432,7.1219454,9.306309,14.015572,78.24111
2020/6/23,9.3836775,5.038432,7.1219454,9.733851,13.617462,80.98796
2020/6/24,9.162886,5.038432,7.1219454,10.234354,13.311545,84.37897
2020/6/25,9.184964,5.038432,7.1219454,10.639347,12.850576,89.86263
2020/6/26,8.791218,5.038432,7.1219454,11.011167,12.3477,94.67453
2020/6/27,8.839056,5.038432,7.1219454,11.415658,11.727487,102.41315
2020/6/28,7.9669266,4.498362,5.3805346,11.86595,11.042318,108.03275
2020/6/29,7.4075856,4.498362,5.3805346,12.330774,10.979459,112.29336
2020/6/30,7.0395985,4.498362,5.3805346,12.690467,10.587634,116.57572
2020/7/1,8.393792,4.498362,5.3805346,12.95956,10.220954,120.68282
2020/7/2,8.246596,4.498362,5.3805346,13.1826515,9.676171,124.60044
2020/7/3,7.219912,4.498362,5.3805346,13.544148,9.414257,133.81181
2020/7/4,7.9080486,4.498362,5.3805346,13.96698,9.162819,137.33835
2020/7/5,8.44899,5.1651154,4.5718403,14.462472,8.957478,143.12149
2020/7/6,8.404831,5.1651154,4.5718403,14.94243,8.425267,145.34885
2020/7/7,8.408511,5.1651154,4.5718403,15.316254,8.653657,146.53258
2020/7/8,7.4186254,5.1651154,4.5718403,15.727059,8.632704,151.65485
2020/7/9,7.219912,5.1651154,4.5718403,16.301424,8.60337,155.62894
2020/7/10,8.202438,5.1651154,4.5718403,16.862963,8.731184,157.90146
2020/7/11,7.481183,5.1651154,4.5718403,17.298222,8.97424,160.61652
2020/7/12,7.488543,6.3408237,4.126719,17.677757,8.97424,164.05185
2020/7/13,7.4701433,6.3408237,4.126719,18.124043,9.097864,172.11798
2020/7/14,7.5621405,6.3408237,4.126719,18.750021,8.695563,179.75873
2020/7/15,8.172999,6.3408237,4.126719,19.419195,8.750042,182.0693
2020/7/16,8.537307,6.3408237,4.126719,20.202522,8.951192,185.316
2020/7/17,8.809617,6.3408237,4.126719,21.049389,9.085292,188.5008
2020/7/18,9.052489,6.3408237,4.126719,21.828104,9.06434,191.5283
2020/7/19,9.361598,7.801013,5.171565,22.856873,9.093674,195.03058
2020/7/20,9.762705,7.801013,5.171565,24.03186,9.192154,194.63823
2020/7/21,10.112292,7.801013,5.171565,24.898771,9.36397,195.19537
2020/7/22,10.925545,7.801013,5.171565,25.730104,9.552547,196.12898
2020/7/23,11.808715,7.801013,5.171565,27.03548,9.7264595,195.6354
2020/7/24,12.552049,7.801013,5.171565,28.47405,9.808177,195.6467
2020/7/25,12.533649,7.801013,5.171565,29.88035,10.009327,197.30351
2020/7/26,13.008353,12.368273,6.6870174,30.858406,10.411628,195.71405
2020/7/27,13.081951,12.368273,6.6870174,31.811106,10.46401,193.31813
2020/7/28,13.140829,12.368273,6.6870174,32.868935,10.704972,192.37575
2020/7/29,12.772841,12.368273,6.6870174,33.95022,10.78669,190.48846
2020/7/30,12.128863,12.368273,6.6870174,34.591934,10.929171,188.55266
2020/7/31,11.6468,12.368273,6.6870174,35.170006,11.444619,185.39003
2020/8/1,11.503285,12.368273,6.6870174,35.99202,11.733772,182.46165
2020/8/2,11.426007,17.059994,8.227954,36.60076,11.574529,180.38364
2020/8/3,11.194176,17.059994,8.227954,36.905533,11.635292,178.21527
2020/8/4,10.936584,17.059994,8.227954,37.34119,11.637388,175.32495
2020/8/5,8.953133,17.059994,8.227954,37.741676,12.037593,171.6951
2020/8/6,10.292606,17.059994,8.227954,38.158493,12.47761,168.9127
2020/8/7,10.230049,17.059994,8.227954,38.90614,12.538374,165.03816
2020/8/8,10.160131,17.059994,8.227954,39.34902,12.87153,159.61055
2020/8/9,9.832623,24.223146,10.307453,40.31755,13.4477415,157.23555
2020/8/10,9.644949,24.223146,10.307453,41.22876,13.764134,155.25583
2020/8/11,9.442555,24.223146,10.307453,41.3842,13.896139,153.42543
2020/8/12,11.407608,24.223146,10.307453,42.23147,14.815983,152.60895
2020/8/13,9.674388,24.223146,10.307453,43.30554,15.469722,155.49593
2020/8/14,9.777424,24.223146,10.307453,43.50748,15.786115,154.99399
2020/8/15,9.8915,24.223146,10.307453,43.854748,15.892976,154.30675
2020/8/16,9.869421,37.004807,13.54223,43.763645,16.337183,151.69458
2020/8/17,9.873101,37.004807,13.54223,43.354443,16.345564,151.46788
2020/8/18,9.755345,37.004807,13.54223,43.50257,16.29318,149.38567
2020/8/19,10.138052,37.004807,13.54223,43.860157,15.872023,148.63779
2020/8/20,10.112292,37.004807,13.54223,44.126045,15.32305,141.38773
2020/8/21,9.792144,37.004807,13.54223,44.561504,15.406862,138.1176
2020/8/22,9.711186,37.004807,13.54223,45.050182,16.12346,135.88608
2020/8/23,10.009256,56.025055,16.27582,45.62635,16.192606,132.08809
2020/8/24,10.082853,56.025055,16.27582,45.969807,16.460806,128.4963
2020/8/25,10.336765,56.025055,16.27582,46.56071,16.940634,126.28569
2020/8/26,10.20797,56.025055,16.27582,46.823288,16.944824,123.82913
2020/8/27,10.358844,56.025055,16.27582,47.435436,17.267504,123.38952
2020/8/28,10.77099,56.025055,16.27582,48.274086,17.489607,123.329285
2020/8/29,10.947624,56.025055,16.27582,48.934944,17.684471,123.63588
2020/8/30,10.811469,83.906456,15.025402,49.889244,18.551931,123.37028
2020/8/31,11.201535,83.906456,15.025402,51.603424,19.364916,122.68346
2020/9/1,11.201535,83.906456,15.025402,52.5,20.077322,122.86123
2020/9/2,12.150943,83.906456,15.025402,53.623074,20.523624,124.107704
2020/9/3,12.717643,83.906456,15.025402,54.43717,22.656658,123.52378
2020/9/4,12.901637,83.906456,15.025402,55.04601,26.195646,122.35971
2020/9/5,13.413139,83.906456,15.025402,56.04421,29.466436,121.67038
2020/9/6,14.035038,111.56338,14.626151,57.233932,32.525597,123.49869
2020/9/7,14.064477,111.56338,14.626151,58.465645,35.29351,123.591125
2020/9/8,14.5539,111.56338,14.626151,59.055748,38.004852,122.58809
2020/9/9,11.753516,111.56338,14.626151,60.193153,43.071327,116.80745
2020/9/10,15.908093,111.56338,14.626151,61.38097,45.33846,112.15449
2020/9/11,16.084728,111.56338,14.626151,62.704887,45.94191,108.3954
2020/9/12,16.30552,111.56338,14.626151,63.821148,46.93928,105.59752
2020/9/13,16.566792,136.5333,16.624102,64.19598,47.425392,102.73857
2020/9/14,17.096693,136.5333,16.624102,64.32316,47.674736,102.42152
2020/9/15,17.530918,136.5333,16.624102,65.12492,47.023094,101.857254
2020/9/16,21.593498,136.5333,16.624102,65.16672,45.969147,105.814186
2020/9/17,18.60176,136.5333,16.624102,65.38309,46.3484,109.478745
2020/9/18,20.06635,136.5333,16.624102,65.37036,48.514957,113.34785
2020/9/19,21.86949,136.5333,16.624102,64.94613,50.708755,115.835365
2020/9/20,23.128006,163.31232,20.871445,64.769035,54.163933,117.527306
2020/9/21,24.408602,163.31232,20.871445,64.25691,58.81344,118.2844
2020/9/22,25.722317,163.31232,20.871445,63.38238,65.48912,118.93775
2020/9/23,27.249464,163.31232,20.871445,62.703285,70.09672,121.891655
2020/9/24,28.923807,163.31232,20.871445,61.562172,76.15218,127.20926
2020/9/25,29.46107,163.31232,20.871445,60.52268,81.80325,126.26018
2020/9/26,30.27432,163.31232,20.871445,59.72342,88.10387,126.858734
2020/9/27,31.44452,161.15204,22.194918,59.322033,93.01739,127.48114
2020/9/28,32.739834,161.15204,22.194918,58.841877,97.04249,127.42007
2020/9/29,34.870483,161.15204,22.194918,58.391483,100.56891,127.8806
2020/9/30,36.37923,161.15204,22.194918,58.103348,109.696106,126.627426
2020/10/1,37.89534,161.15204,22.194918,58.134716,117.92022,122.17399
2020/10/2,40.49701,161.15204,22.194918,57.676907,129.698,123.96381
2020/10/3,42.101433,161.15204,22.194918,57.08701,141.58891,124.241135
2020/10/4,44.9055,166.28604,27.091255,55.807087,155.2839,124.79327
2020/10/5,47.102383,166.28604,27.091255,55.03258,165.46086,127.17412
2020/10/6,47.952435,166.28604,27.091255,54.09832,175.79077,127.267395
2020/10/7,50.263393,166.28604,27.091255,53.25416,189.97606,128.6059
2020/10/8,52.850346,166.28604,27.091255,52.42263,204.40022,129.7658
2020/10/9,52.861385,166.28604,27.091255,51.321404,216.6704,132.5574
2020/10/10,55.286423,166.28604,27.091255,50.69963,227.28946,136.5227
2020/10/11,56.883488,258.16464,44.418716,50.55471,231.56181,139.80997
2020/10/12,57.803455,258.16464,44.418716,49.78201,233.61731,142.5242
2020/10/13,57.803455,258.16464,44.418716,49.1882,234.13905,146.1419
2020/10/14,51.072968,258.16464,44.418716,48.332314,240.25317,149.29659
2020/10/15,57.251472,258.16464,44.418716,47.248325,244.16304,152.99544
2020/10/16,59.842106,258.16464,44.418716,46.534252,246.98543,154.93417
2020/10/17,59.507236,258.16464,44.418716,45.425808,247.36469,157.83788
2020/10/18,58.837498,373.0151,71.408035,44.171844,251.60141,162.1399
2020/10/19,59.40052,373.0151,71.408035,43.068413,256.28235,162.27876
2020/10/20,59.92306,373.0151,71.408035,42.211327,260.7014,164.14597
2020/10/21,68.438286,373.0151,71.408035,41.262733,273.69443,169.25653
2020/10/22,61.847637,373.0151,71.408035,40.07321,287.3077,172.70483
2020/10/23,62.465855,373.0151,71.408035,39.170723,299.44797,177.48494
2020/10/24,64.09604,373.0151,71.408035,38.284573,309.65005,182.4445
2020/10/25,64.86145,580.8065,127.06692,37.107777,317.56827,187.99133
2020/10/26,64.90561,580.8065,127.06692,36.048042,320.8202,197.04
2020/10/27,66.07581,580.8065,127.06692,35.013763,324.1392,204.03491
2020/10/28,69.09331,580.8065,127.06692,33.99642,326.0983,207.47401
2020/10/29,70.649895,580.8065,127.06692,33.399303,323.454,214.25853
2020/10/30,70.74925,580.8065,127.06692,32.82624,319.6552,220.8477
2020/10/31,71.36747,580.8065,127.06692,32.314915,319.94644,227.63515
2020/11/1,74.58,738.996,188.59734,31.997616,322.45245,233.98383
2020/11/2,79.06209,738.996,188.59734,32.005936,322.95322,240.92812
2020/11/3,83.10626,738.996,188.59734,32.190342,323.11038,272.70575
2020/11/4,80.02989,738.996,188.59734,32.42686,333.8342,280.06918
2020/11/5,81.13385,738.996,188.59734,32.459835,337.16995,289.91467
2020/11/6,83.2829,738.996,188.59734,32.358612,337.43396,302.23932
2020/11/7,86.837654,738.996,188.59734,32.56787,338.37476,315.4988
2020/11/8,87.61779,673.6786,213.54283,32.438686,339.98605,330.48123
2020/11/9,90.56537,673.6786,213.54283,32.506035,344.37155,345.9689
2020/11/10,95.533195,673.6786,213.54283,32.482285,353.32693,333.4481
2020/11/11,98.52493,673.6786,213.54283,32.28465,352.45737,349.04953
2020/11/12,103.41181,673.6786,213.54283,32.05364,356.32535,368.8978
2020/11/13,108.10733,673.6786,213.54283,31.77713,364.14087,385.53912
2020/11/14,112.00431,673.6786,213.54283,31.208677,365.7396,402.04868
2020/11/15,115.949135,392.11536,217.22952,30.750267,367.2671,420.30746
2020/11/16,119.70629,392.11536,217.22952,29.211376,366.12933,434.70847
2020/11/17,120.48274,392.11536,217.22952,28.318407,357.725,445.5486
2020/11/18,123.11753,392.11536,217.22952,27.750757,348.17456,457.6315
2020/11/19,123.02186,392.11536,217.22952,27.517342,339.1626,466.58313
2020/11/20,123.32361,392.11536,217.22952,27.617865,325.1638,473.79596
2020/11/21,122.076126,392.11536,217.22952,27.773006,310.94705,484.83063
2020/11/22,122.91146,255.47096,218.14355,28.184813,295.6764,491.68207
2020/11/23,124.52325,255.47096,218.14355,29.538898,283.75406,495.70676
2020/11/24,126.77901,255.47096,218.14355,30.422043,274.66455,500.81775
2020/11/25,130.13138,255.47096,218.14355,30.999216,258.0529,503.7612
2020/11/26,132.38713,255.47096,218.14355,30.890276,243.78589,507.03674
2020/11/27,133.78917,255.47096,218.14355,30.609657,234.85565,516.7392
2020/11/28,137.42856,255.47096,218.14355,30.117573,227.983,498.48038
2020/11/29,141.10475,171.30447,209.17656,29.776922,222.64833,486.2101
2020/11/30,144.01553,171.30447,209.17656,29.247055,219.61641,473.96036
2020/12/1,147.90884,171.30447,209.17656,28.55984,217.431,470.3167
2020/12/2,149.344,171.30447,209.17656,27.780924,215.70026,466.75882
2020/12/3,150.96313,171.30447,209.17656,26.885149,215.71074,474.09335
2020/12/4,155.69177,171.30447,209.17656,26.235016,215.42159,480.775
2020/12/5,158.86383,171.30447,209.17656,25.766985,217.72433,510.7879
2020/12/6,160.08922,158.62505,217.9023,25.185804,220.40634,535.78937
2020/12/7,161.9402,158.62505,217.9023,24.605425,224.19258,561.3045
2020/12/8,163.82062,158.62505,217.9023,24.14932,230.22499,576.29443
2020/12/9,165.27785,158.62505,217.9023,23.69592,237.31973,589.3389
2020/12/10,167.67712,158.62505,217.9023,23.29203,246.49931,603.6709
2020/12/11,167.63297,158.62505,217.9023,22.570742,257.4641,608.34607
2020/12/12,168.53821,158.62505,217.9023,21.904673,272.24866,605.022
2020/12/13,170.27144,172.63132,265.3961,21.327702,290.17618,614.238
2020/12/14,169.20795,172.63132,265.3961,20.735397,304.20435,619.0808
2020/12/15,167.71024,172.63132,265.3961,20.284203,322.08786,620.90704
2020/12/16,168.56396,172.63132,265.3961,19.713144,350.61142,627.2285
2020/12/17,169.9292,172.63132,265.3961,18.960384,378.50635,615.37775
2020/12/18,170.37447,172.63132,265.3961,18.308147,406.83084,623.33136
2020/12/19,171.36435,172.63132,265.3961,17.821674,430.97098,639.088
2020/12/20,171.12885,206.51349,296.61578,17.457874,456.17554,634.9203
2020/12/21,171.80962,206.51349,296.61578,17.18387,468.74954,628.70294
2020/12/22,172.22545,206.51349,296.61578,16.932415,491.37897,630.85876
2020/12/23,170.93748,206.51349,296.61578,16.688679,518.6076,624.7305
2020/12/24,170.36343,206.51349,296.61578,16.759033,543.95465,624.35785
2020/12/25,171.9421,206.51349,296.61578,16.776772,559.68835,618.4743
2020/12/26,171.16196,206.51349,296.61578,16.488237,555.40344,600.08875
2020/12/27,161.5391,186.44199,235.86008,15.697293,509.3065,568.913
2020/12/28,166.08006,186.44199,235.86008,15.26474,541.8279,545.8365
2020/12/29,163.17296,186.44199,235.86008,14.951651,574.2089,532.4151
2020/12/30,160.99815,186.44199,235.86008,14.610799,570.4709,529.5796
2020/12/31,161.89972,186.44199,235.86008,14.321161,647.19086,534.24133
2021/1/1,164.2254,186.44199,235.86008,14.017291,708.4265,538.26434
2021/1/2,170.2972,186.44199,235.86008,13.6971855,753.59106,549.5337
2021/1/3,182.88235,197.6879,208.88943,13.641563,791.4388,577.6438
2021/1/4,180.33589,197.6879,208.88943,13.289086,834.4849,610.35297
2021/1/5,184.87685,197.6879,208.88943,13.283374,850.85986,631.7338
2021/1/6,192.68187,197.6879,208.88943,13.03673,916.9964,630.70483
2021/1/7,196.38382,197.6879,208.88943,12.888804,882.52423,644.7327
2021/1/8,199.6773,197.6879,208.88943,12.698786,854.49524,653.90643
2021/1/9,199.28723,197.6879,208.88943,12.612896,852.9028,670.7519
2021/1/10,203.9018,271.73083,247.20387,12.6598,885.6379,697.3374
2021/1/11,208.42068,271.73083,247.20387,12.640457,840.33923,710.29407
2021/1/12,212.77397,271.73083,247.20387,12.26052,800.1909,718.25226
2021/1/13,208.86595,271.73083,247.20387,12.048052,759.5837,730.7204
2021/1/14,204.59729,271.73083,247.20387,11.7073,726.07745,720.4035
2021/1/15,199.03333,271.73083,247.20387,11.451838,700.3574,707.2812
2021/1/16,196.18143,271.73083,247.20387,11.144761,680.00146,687.9642
2021/1/17,188.9799,264.12762,202.05292,10.793887,666.0613,665.0478
2021/1/18,183.08475,264.12762,202.05292,10.54103,647.65393,645.4794
2021/1/19,178.52171,264.12762,202.05292,10.288474,631.7673,629.6261
2021/1/20,172.5456,264.12762,202.05292,10.0735,605.2929,608.74677
2021/1/21,166.62836,264.12762,202.05292,9.90082,584.08417,580.4948
2021/1/22,162.52162,264.12762,202.05292,9.796088,562.0351,564.5533
2021/1/23,156.59702,264.12762,202.05292,9.705689,539.0495,549.5207
2021/1/24,153.46178,289.25757,162.33856,9.676125,515.7454,529.4855
2021/1/25,148.2658,289.25757,162.33856,9.617495,497.0845,511.0815
2021/1/26,141.80025,289.25757,162.33856,9.521083,471.86108,492.24677
2021/1/27,139.61072,289.25757,162.33856,9.407432,439.97037,484.46088
2021/1/28,137.15257,289.25757,162.33856,9.050946,413.1608,482.66644
2021/1/29,131.48557,289.25757,162.33856,9.482899,392.87186,470.4104
2021/1/30,127.51866,289.25757,162.33856,9.365339,376.67715,457.51816
2021/1/31,122.85626,294.75827,132.80933,9.185243,360.13254,446.9854
2021/2/1,119.22054,294.75827,132.80933,9.00725,349.28506,435.8219
2021/2/2,115.81298,294.75827,132.80933,8.960447,345.57425,423.4341
2021/2/3,112.52318,294.75827,132.80933,8.795082,329.30414,420.6952
2021/2/4,108.16988,294.75827,132.80933,8.918654,313.6626,410.40005
2021/2/5,104.60041,294.75827,132.80933,8.272531,300.2756,389.3622
2021/2/6,101.67859,294.75827,132.80933,8.135228,287.11703,375.05615
2021/2/7,99.220436,285.48373,109.74455,8.035709,274.27902,358.5713
2021/2/8,95.78343,285.48373,109.74455,8.076199,264.12302,346.59048
2021/2/9,93.1008,285.48373,109.74455,8.123803,255.49242,338.6402
2021/2/10,90.27098,285.48373,109.74455,8.12661,241.29036,318.4301
2021/2/11,89.71532,285.48373,109.74455,8.129015,228.63464,305.9181
2021/2/12,89.535,285.48373,109.74455,7.81843,216.03133,301.59726
2021/2/13,86.21576,285.48373,109.74455,7.861525,204.813,291.9467
2021/2/14,82.98115,245.4452,86.35189,7.875055,196.98909,280.48746
2021/2/15,82.13478,245.4452,86.35189,7.856815,190.10597,270.04758
2021/2/16,79.1688,245.4452,86.35189,7.8579173,184.51357,259.3739
2021/2/17,77.53126,245.4452,86.35189,7.9123373,181.4565,249.89565
2021/2/18,76.464096,245.4452,86.35189,7.908128,178.76193,235.44571
2021/2/19,74.329765,245.4452,86.35189,8.297386,174.66139,220.98616
2021/2/20,74.81919,245.4452,86.35189,8.482795,171.8411,208.02782
2021/2/21,74.62784,261.25836,88.903694,8.690251,167.97523,198.04973
2021/2/22,73.59747,261.25836,88.903694,8.945815,166.46242,189.805
2021/2/23,73.46132,261.25836,88.903694,9.092438,164.58292,185.29384
2021/2/24,74.771355,261.25836,88.903694,9.306108,158.13353,184.3548
2021/2/25,76.25434,261.25836,88.903694,9.69266,151.4788,189.91417
2021/2/26,77.32519,261.25836,88.903694,10.031808,144.9938,193.50636
2021/2/27,76.6628,261.25836,88.903694,10.281859,137.09656,194.94106
2021/2/28,77.13383,283.80576,95.745316,10.531209,128.82845,194.81474
2021/3/1,77.4135,283.80576,95.745316,10.662598,121.77979,195.98091
2021/3/2,77.512856,283.80576,95.745316,10.833174,115.0224,194.28352
2021/3/3,76.475136,283.80576,95.745316,10.95815,105.66681,192.31468
2021/3/4,75.24973,283.80576,95.745316,11.025197,99.705635,185.45445
2021/3/5,74.94063,283.80576,95.745316,11.051354,94.10066,182.813
2021/3/6,73.82931,283.80576,95.745316,11.2356615,89.72774,179.8269
2021/3/7,74.35921,276.167,99.260414,11.4319935,86.9724,175.98708
2021/3/8,72.81734,276.167,99.260414,11.741576,86.2998,171.55832
2021/3/9,73.45396,276.167,99.260414,12.052461,85.329666,167.87244
2021/3/10,75.07678,276.167,99.260414,12.346309,84.696884,164.35428
2021/3/11,76.412575,276.167,99.260414,12.892212,83.7959,164.49104
2021/3/12,77.925,276.167,99.260414,13.538336,83.959335,162.69746
2021/3/13,78.624176,276.167,99.260414,14.195284,83.95095,160.56631
2021/3/14,78.97745,317.77017,121.28883,14.857643,84.47478,160.61986
2021/3/15,81.417206,317.77017,121.28883,15.628542,83.95724,158.34608
2021/3/16,82.96275,317.77017,121.28883,16.540953,83.98866,159.79836
2021/3/17,82.259895,317.77017,121.28883,17.641579,83.59684,160.14511
2021/3/18,82.25622,317.77017,121.28883,18.946154,82.28727,159.1906
2021/3/19,82.84867,317.77017,121.28883,20.593885,81.71735,158.28418
2021/3/20,84.97196,317.77017,121.28883,22.204535,81.086655,159.67915
2021/3/21,87.75027,408.5486,157.3386,24.061226,79.96147,158.75893
2021/3/22,89.48349,408.5486,157.3386,26.131788,79.680695,161.34474
2021/3/23,91.032715,408.5486,157.3386,27.757671,81.702675,160.50734
2021/3/24,94.45132,408.5486,157.3386,29.597628,81.19142,162.47159
2021/3/25,97.347374,408.5486,157.3386,31.362015,80.39729,164.93025
2021/3/26,99.76505,408.5486,157.3386,33.3055,80.91274,168.45761
2021/3/27,105.65653,408.5486,157.3386,35.440704,80.87922,169.40627
2021/3/28,108.8985,497.76242,197.6017,37.331673,79.59479,174.76529
2021/3/29,113.88105,497.76242,197.6017,39.443226,78.5136,176.75087
2021/3/30,118.51769,497.76242,197.6017,40.996246,77.75929,180.10883
2021/3/31,121.45791,497.76242,197.6017,41.61942,73.017586,184.20212
2021/4/1,126.13871,497.76242,197.6017,43.508984,69.445076,185.91916
2021/4/2,131.55548,497.76242,197.6017,45.748722,64.71385,186.56583
2021/4/3,133.7818,497.76242,197.6017,48.441757,60.644745,190.04509
2021/4/4,140.50125,538.7522,186.895,51.502,56.83127,188.20967
2021/4/5,145.86652,538.7522,186.895,55.06365,54.268696,188.41547
2021/4/6,150.73131,538.7522,186.895,59.149754,48.783157,185.26413
2021/4/7,156.96133,538.7522,186.895,65.38911,45.74076,184.58904
2021/4/8,163.00368,538.7522,186.895,70.84703,44.764343,185.37038
2021/4/9,169.01291,538.7522,186.895,75.90839,43.270382,187.48688
2021/4/10,177.07184,538.7522,186.895,81.54631,42.16615,188.21844
2021/4/11,185.6165,451.6542,200.794,87.522484,42.597786,190.71516
2021/4/12,191.94589,451.6542,200.794,94.07232,42.329582,192.5623
2021/4/13,200.07104,451.6542,200.794,100.56202,42.254154,195.70651
2021/4/14,208.43172,451.6542,200.794,107.44078,42.54121,197.39429
2021/4/15,212.19255,451.6542,200.794,114.85211,40.827244,200.97017
2021/4/16,217.53574,451.6542,200.794,123.40947,39.274612,199.30833
2021/4/17,223.33153,451.6542,200.794,132.36,37.59417,197.66197
2021/4/18,223.69215,449.28946,241.28477,143.24608,36.324406,195.42795
2021/4/19,224.88812,449.28946,241.28477,153.75905,34.94569,199.23471
2021/4/20,224.40237,449.28946,241.28477,163.52397,35.381516,197.60258
2021/4/21,223.56335,449.28946,241.28477,174.61531,35.081882,187.08115
2021/4/22,222.58084,449.28946,241.28477,186.05011,35.17827,180.85378
2021/4/23,221.92213,449.28946,241.28477,197.6133,35.58895,177.67276
2021/4/24,217.54677,449.28946,241.28477,208.84746,35.72305,173.482
2021/4/25,215.3278,398.85626,245.79886,217.68604,35.037884,169.86177
2021/4/26,213.25972,398.85626,245.79886,225.62163,34.70682,159.18976
2021/4/27,210.70221,398.85626,245.79886,232.03316,33.732502,155.63855
2021/4/28,206.62491,398.85626,245.79886,238.63962,33.497826,153.51285
2021/4/29,205.86685,398.85626,245.79886,245.09604,32.737225,150.5828
2021/4/30,203.40134,398.85626,245.79886,250.4801,32.299305,146.96341
2021/5/1,203.2615,398.85626,245.79886,256.013,31.924242,144.52232
2021/5/2,201.7969,317.6146,211.8303,260.30215,31.515656,141.54918
2021/5/3,202.33049,317.6146,211.8303,261.8211,31.241169,140.14961
2021/5/4,202.32681,317.6146,211.8303,265.23712,29.98817,138.37024
2021/5/5,203.65892,317.6146,211.8303,267.37735,28.852509,139.52219
2021/5/6,202.2569,317.6146,211.8303,270.68512,29.638252,136.27591
2021/5/7,200.93582,317.6146,211.8303,273.46487,29.784924,132.15375
2021/5/8,199.6773,317.6146,211.8303,273.37317,29.986074,126.7366
2021/5/9,197.78584,236.98412,171.33273,274.50064,30.315039,122.273544
2021/5/10,193.91463,236.98412,171.33273,274.3016,30.683815,117.534004
2021/5/11,191.9606,236.98412,171.33273,271.56686,32.330734,113.74647
2021/5/12,187.4454,236.98412,171.33273,268.16998,33.84984,110.161804
2021/5/13,182.63948,236.98412,171.33273,263.20554,33.380486,106.196915
2021/5/14,178.3046,236.98412,171.33273,256.08545,32.890182,102.53403
2021/5/15,173.21901,236.98412,171.33273,248.57089,32.58846,101.58997
2021/5/16,166.49956,179.73445,120.19302,239.29366,32.496265,97.60584
2021/5/17,160.28793,179.73445,120.19302,230.79742,32.536076,94.600914
2021/5/18,153.2925,179.73445,120.19302,224.14186,31.731474,92.02305
2021/5/19,146.85272,179.73445,120.19302,216.01526,31.834143,89.96092
2021/5/20,141.89224,179.73445,120.19302,207.33443,32.84618,87.68799
2021/5/21,134.6613,179.73445,120.19302,198.95667,33.847744,84.219185
2021/5/22,128.89493,179.73445,120.19302,192.06157,34.549675,78.99611
2021/5/23,124.04486,185.47964,89.48303,185.01323,35.448563,75.96358
2021/5/24,117.75227,185.47964,89.48303,179.09308,36.228024,72.7792
2021/5/25,111.65105,185.47964,89.48303,172.36766,37.072433,70.54349
2021/5/26,106.36307,185.47964,89.48303,166.51346,38.143143,68.58092
2021/5/27,100.7255,185.47964,89.48303,160.01794,39.431763,67.29763
2021/5/28,94.63531,185.47964,89.48303,152.68307,41.755466,65.61781
2021/5/29,86.955414,185.47964,89.48303,144.31374,44.332706,63.117332
2021/5/30,81.51656,134.21965,50.74216,136.7682,46.893185,61.826515
2021/5/31,76.798965,134.21965,50.74216,129.79474,48.9885,59.067535
2021/6/1,72.14392,134.21965,50.74216,122.88782,50.744373,57.528263
2021/6/2,68.309494,134.21965,50.74216,115.257706,51.8507,55.289204
2021/6/3,65.13008,134.21965,50.74216,107.52627,56.049717,48.748962
2021/6/4,63.17975,134.21965,50.74216,102.11434,60.7558,45.64239
2021/6/5,60.250572,134.21965,50.74216,96.776474,66.017136,44.04498
2021/6/6,56.040794,103.308975,35.134026,91.65589,70.777695,41.456654
2021/6/7,52.98282,103.308975,35.134026,86.434586,74.404686,41.082714
2021/6/8,49.47958,103.308975,35.134026,82.324326,79.37059,40.55317
2021/6/9,46.25233,103.308975,35.134026,78.29625,87.85452,40.758125
2021/6/10,44.890778,103.308975,35.134026,74.27719,93.01948,43.00806
2021/6/11,42.46574,103.308975,35.134026,70.20201,97.29812,44.510525
2021/6/12,39.92663,103.308975,35.134026,66.57432,101.03825,43.579014
2021/6/13,37.58991,60.016685,23.890457,63.20429,104.721825,41.646137
2021/6/14,35.74261,60.016685,23.890457,60.176117,107.97585,40.648956
2021/6/15,34.682808,60.016685,23.890457,57.56767,111.33045,39.660557
2021/6/16,33.641403,60.016685,23.890457,54.523758,116.39274,38.981686
2021/6/17,31.944983,60.016685,23.890457,51.83343,122.47753,38.271446
2021/6/18,30.638628,60.016685,23.890457,48.904778,128.43242,35.586082
2021/6/19,29.269714,60.016685,23.890457,46.541668,134.85037,34.56548
2021/6/20,27.749928,32.93761,12.376759,44.295216,140.50983,33.72473
2021/6/21,26.1823,32.93761,12.376759,42.574924,145.04199,33.72473
2021/6/22,24.596275,32.93761,12.376759,40.787888,151.22737,33.86109
2021/6/23,23.164804,32.93761,12.376759,39.647774,163.68613,33.98365
2021/6/24,22.480349,32.93761,12.376759,38.330975,177.51941,34.264732
2021/6/25,21.291748,32.93761,12.376759,37.247284,192.81313,34.524487
2021/6/26,19.823479,32.93761,12.376759,36.039124,208.75429,35.397858
2021/6/27,18.557602,23.758642,8.2551365,35.19937,225.20042,36.656883
2021/6/28,17.48676,23.758642,8.2551365,34.487003,241.65704,37.05174
2021/6/29,16.393837,23.758642,8.2551365,33.97848,259.28912,37.73312
2021/6/30,16.761824,23.758642,8.2551365,33.4877,284.66342,38.515305
2021/7/1,16.691906,23.758642,8.2551365,32.958233,307.28656,39.446396
2021/7/2,16.04057,23.758642,8.2551365,32.452118,329.43823,38.52534
2021/7/3,15.657863,23.758642,8.2551365,31.992405,350.55902,39.78604
2021/7/4,14.774693,30.906237,7.454937,31.293964,367.67776,40.588722
2021/7/5,13.847364,30.906237,7.454937,30.657362,383.83057,40.544804
2021/7/6,13.917282,30.906237,7.454937,30.37043,397.80212,40.454037
2021/7/7,12.883238,30.906237,7.454937,30.14814,411.42377,39.914036
2021/7/8,12.279738,30.906237,7.454937,29.8581,427.89505,41.774548
2021/7/9,12.301818,30.906237,7.454937,29.534988,448.16516,46.374382
2021/7/10,12.165662,30.906237,7.454937,29.400192,459.11526,115.37065
2021/7/11,13.424179,51.82451,9.508952,29.243345,472.6615,119.84166
2021/7/12,13.332182,51.82451,9.508952,28.978563,481.81592,123.056564
2021/7/13,13.151868,51.82451,9.508952,28.798466,492.99026,125.676254
2021/7/14,12.7581215,51.82451,9.508952,28.303274,513.08856,133.93521
2021/7/15,12.382774,51.82451,9.508952,27.893772,537.4927,140.21613
2021/7/16,11.746157,51.82451,9.508952,27.448391,571.6736,146.76765
2021/7/17,11.223615,51.82451,9.508952,26.978655,630.30054,86.960594
2021/7/18,9.851022,103.69347,15.482416,26.943678,677.3613,93.10054
2021/7/19,9.810543,103.69347,15.482416,27.0449,698.51776,97.81206
2021/7/20,9.89518,103.69347,15.482416,26.76298,710.41705,102.526505
2021/7/21,9.869421,103.69347,15.482416,27.08599,717.56836,109.34573
2021/7/22,9.880461,103.69347,15.482416,27.043598,701.16,116.06416
2021/7/23,9.950378,103.69347,15.482416,26.682102,660.59045,125.690475
2021/7/24,10.48396,103.69347,15.482416,26.784126,596.21814,138.72118
2021/7/25,11.297212,262.42963,21.484762,26.642315,538.70795,150.17413
2021/7/26,11.801354,262.42963,21.484762,26.762278,505.97073,159.23242
2021/7/27,12.452692,262.42963,21.484762,26.721788,476.6468,165.59573
2021/7/28,13.081951,262.42963,21.484762,26.886051,439.05054,176.49194
2021/7/29,13.96144,262.42963,21.484762,27.099121,417.48132,191.03348
2021/7/30,15.304594,262.42963,21.484762,27.989883,406.35312,202.67674
2021/7/31,16.496874,262.42963,21.484762,28.245647,400.38983,214.24599
2021/8/1,17.560356,318.22577,26.370905,28.45501,393.9614,228.83562
2021/8/2,18.487684,318.22577,26.370905,28.53248,389.1799,240.03383
2021/8/3,20.000113,318.22577,26.370905,28.61867,386.66132,247.55536
2021/8/4,20.975279,318.22577,26.370905,28.515543,386.36588,260.59067
2021/8/5,21.560379,318.22577,26.370905,28.462727,388.23282,270.82935
2021/8/6,22.270596,318.22577,26.370905,28.504118,392.63507,286.59183
2021/8/7,24.305565,318.22577,26.370905,28.20135,399.39874,298.50742
2021/8/8,26.561327,327.00912,34.697395,27.92464,406.28397,310.80612
2021/8/9,28.761892,327.00912,34.697395,27.460115,410.41174,327.4056
2021/8/10,31.42612,327.00912,34.697395,27.225098,414.39703,342.29724
2021/8/11,33.295498,327.00912,34.697395,26.796955,419.26236,338.38254
2021/8/12,35.53654,327.00912,34.697395,26.61786,421.45197,348.8998
2021/8/13,38.859467,327.00912,34.697395,26.16456,423.57242,355.86252
2021/8/14,41.4133,327.00912,34.697395,26.16847,423.71072,365.6114
2021/8/15,44.710464,335.44357,54.49681,25.86911,425.67822,370.79095
2021/8/16,47.992912,335.44357,54.49681,25.612345,430.95212,378.98758
2021/8/17,48.2689,335.44357,54.49681,25.307873,436.0647,384.81088
2021/8/18,51.102406,335.44357,54.49681,24.989672,446.007,391.46365
2021/8/19,52.69947,335.44357,54.49681,24.509212,459.4212,397.74664
2021/8/20,54.74916,335.44357,54.49681,24.15353,470.71286,408.07108
2021/8/21,56.923965,335.44357,54.49681,23.7316,480.718,417.78397
2021/8/22,58.933174,296.863,84.35564,23.216965,487.54242,426.6323
2021/8/23,61.211018,296.863,84.35564,22.428728,494.83203,427.4588
2021/8/24,64.736336,296.863,84.35564,22.458895,501.98965,433.2181
2021/8/25,65.02705,296.863,84.35564,22.700928,507.8733,438.1831
2021/8/26,67.06202,296.863,84.35564,23.679384,507.3746,443.18826
2021/8/27,70.40334,296.863,84.35564,24.48987,507.45422,446.84488
2021/8/28,72.72902,296.863,84.35564,25.722788,509.7842,451.8178
2021/8/29,75.695,249.19681,112.76017,27.13941,512.95654,457.97156
2021/8/30,79.52207,249.19681,112.76017,28.92705,510.9974,461.40063
2021/8/31,80.71435,249.19681,112.76017,29.475658,505.5349,457.716
2021/9/1,83.20562,249.19681,112.76017,29.913824,495.18195,465.15094
2021/9/2,85.325226,249.19681,112.76017,30.006828,510.9597,471.16873
2021/9/3,87.20933,249.19681,112.76017,30.076382,520.9229,479.83676
2021/9/4,89.72636,249.19681,112.76017,29.661367,530.8023,478.643
2021/9/5,91.17255,190.65143,126.97348,29.429155,541.04425,478.61832
2021/9/6,91.55894,190.65143,126.97348,29.03218,549.8634,475.16333
2021/9/7,95.11737,190.65143,126.97348,29.060343,561.7376,478.2628
2021/9/8,95.93799,190.65143,126.97348,28.65044,583.0155,468.8113
2021/9/9,97.44673,190.65143,126.97348,28.266693,569.2011,442.82562
2021/9/10,96.7218,190.65143,126.97348,27.226501,553.1028,431.78885
2021/9/11,97.20018,190.65143,126.97348,26.30026,535.5985,431.9131
2021/9/12,98.918686,144.06316,121.73905,24.87963,515.80615,427.7215
2021/9/13,102.00242,144.06316,121.73905,23.707647,498.46323,432.64926
2021/9/14,102.33729,144.06316,121.73905,23.124561,482.2392,428.78265
2021/9/15,105.79269,144.06316,121.73905,22.0523,460.7182,430.0237
2021/9/16,108.460594,144.06316,121.73905,20.780195,445.66544,449.8799
2021/9/17,110.823074,144.06316,121.73905,20.72307,434.2774,446.4864
2021/9/18,112.70349,144.06316,121.73905,20.952175,425.34296,439.63538
2021/9/19,114.41831,103.87127,104.43538,21.170856,425.9548,433.94717
2021/9/20,113.22235,103.87127,104.43538,21.47172,432.47543,420.99344
2021/9/21,113.62714,103.87127,104.43538,21.542976,447.19293,412.96497
2021/9/22,113.47994,103.87127,104.43538,21.521729,459.9953,404.3513
2021/9/23,112.64829,103.87127,104.43538,21.657328,475.5279,392.1517
2021/9/24,111.06226,103.87127,104.43538,21.35456,488.81638,379.43683
2021/9/25,110.800995,103.87127,104.43538,20.748625,501.68372,367.27362
2021/9/26,109.00153,80.263756,91.10212,20.503386,507.19232,356.4983
2021/9/27,110.532364,80.263756,91.10212,20.080954,511.2195,345.45233
2021/9/28,110.525,80.263756,91.10212,19.347338,513.31274,337.33517
2021/9/29,112.07791,80.263756,91.10212,18.53615,515.03296,341.075
2021/9/30,110.863556,80.263756,91.10212,17.694897,510.21375,333.74298
2021/10/1,112.431175,80.263756,91.10212,17.228367,506.19284,327.0785
2021/10/2,112.320786,80.263756,91.10212,16.701006,499.38934,321.13306
2021/10/3,111.62897,68.71114,95.95768,16.151394,492.99863,316.08984
2021/10/4,109.69703,68.71114,95.95768,15.626037,488.28207,310.1511
2021/10/5,107.1248,68.71114,95.95768,15.5810375,488.23178,306.5543
2021/10/6,103.90123,68.71114,95.95768,15.57733,492.72415,300.0697
2021/10/7,101.421,68.71114,95.95768,15.467287,498.44647,294.3589
2021/10/8,99.352905,68.71114,95.95768,14.919079,507.7224,294.95538
2021/10/9,97.55713,68.71114,95.95768,14.456659,520.00305,290.3526
2021/10/10,96.493645,58.55427,98.58084,13.988027,533.7358,285.26086
2021/10/11,93.82206,58.55427,98.58084,13.720737,546.28674,280.50125
2021/10/12,93.439354,58.55427,98.58084,13.316546,555.4202,277.07553
2021/10/13,90.69417,58.55427,98.58084,13.014882,569.18854,271.28024
2021/10/14,88.887344,58.55427,98.58084,12.669722,588.1344,266.19354
2021/10/15,84.9278,58.55427,98.58084,12.229251,605.96765,257.0286
2021/10/16,81.59016,58.55427,98.58084,11.852521,622.6338,250.26624
2021/10/17,79.05105,69.10898,111.04085,11.449633,639.28735,243.5386
2021/10/18,77.74837,69.10898,111.04085,10.99503,650.96246,240.36511
2021/10/19,75.40797,69.10898,111.04085,10.869253,666.3295,235.84601
2021/10/20,73.99122,69.10898,111.04085,10.748988,681.91656,233.48732
2021/10/21,73.748344,69.10898,111.04085,10.695571,690.73364,229.7048
2021/10/22,73.75571,69.10898,111.04085,10.587733,698.87604,221.43205
2021/10/23,72.655426,69.10898,111.04085,10.62231,696.30927,217.54204
2021/10/24,70.16783,76.101,166.02525,10.798698,690.2413,212.71382
2021/10/25,67.23865,76.101,166.02525,10.869855,684.42676,201.46709
2021/10/26,64.97921,76.101,166.02525,10.806716,667.6894,193.27379
2021/10/27,63.44838,76.101,166.02525,10.689257,646.1558,198.35089
2021/10/28,61.66732,76.101,166.02525,10.458949,624.354,207.2151
2021/10/29,61.130062,76.101,166.02525,10.314832,606.3008,210.42122
2021/10/30,60.29105,76.101,166.02525,10.113087,598.3302,216.92549
2021/10/31,59.66547,85.39998,232.7731,9.804808,597.46484,220.09355
2021/11/1,59.017815,85.39998,232.7731,9.625212,594.2506,219.60667
2021/11/2,58.19352,85.39998,232.7731,9.424269,592.2601,218.47313
2021/11/3,58.491592,85.39998,232.7731,9.269127,587.3214,232.43828
2021/11/4,58.78598,85.39998,232.7731,8.941305,578.72015,221.06354
2021/11/5,57.785057,85.39998,232.7731,8.779047,563.9293,218.79102
2021/11/6,57.457546,85.39998,232.7731,8.439899,547.7367,212.82173
2021/11/7,57.240433,106.807205,302.18658,8.241763,526.9239,213.41151
2021/11/8,58.635105,106.807205,302.18658,8.135228,514.0733,213.84526
2021/11/9,60.05554,106.807205,302.18658,8.105463,505.21432,216.42899
2021/11/10,60.795193,106.807205,302.18658,8.0616665,503.15463,215.81998
2021/11/11,62.760246,106.807205,302.18658,8.082312,512.01154,219.28752
2021/11/12,64.14756,106.807205,302.18658,8.060965,526.58655,225.55463
2021/11/13,64.65906,106.807205,302.18658,8.153268,541.9599,219.1955
2021/11/14,65.008644,147.48804,460.70764,8.195161,557.5595,233.05774
2021/11/15,64.58178,147.48804,460.70764,8.072691,568.9769,246.9819
2021/11/16,64.09604,147.48804,460.70764,7.946312,579.34033,247.84732
2021/11/17,64.217476,147.48804,460.70764,7.819132,593.6346,255.04134
2021/11/18,62.480576,147.48804,460.70764,7.701673,602.40137,260.91064
2021/11/19,61.821877,147.48804,460.70764,7.5603614,608.58887,265.95554
2021/11/20,61.96171,147.48804,460.70764,7.4052196,615.00684,286.96286
2021/11/21,62.87064,266.03677,597.4381,7.3267465,618.86847,283.1243
2021/11/22,63.81637,266.03677,597.4381,7.152262,624.002,273.46954
2021/11/23,64.37203,266.03677,597.4381,7.023378,627.60175,275.627
2021/11/24,64.865135,266.03677,597.4381,6.931776,627.1513,280.5577
2021/11/25,66.042694,266.03677,597.4381,6.651158,630.8537,282.294
2021/11/26,66.71979,266.03677,597.4381,6.5953345,632.6913,282.59726
2021/11/27,67.176094,266.03677,597.4381,6.396497,631.35657,261.20346
2021/11/28,72.62967,433.88303,685.263,6.224718,630.77826,247.7871
2021/11/29,73.08965,433.88303,685.263,6.2067785,626.52057,250.13197
2021/11/30,73.67107,433.88303,685.263,6.1477485,631.6667,257.5715
2021/12/1,73.770424,433.88303,685.263,6.1147757,643.3083,235.86316
2021/12/2,74.20097,433.88303,685.263,6.179518,659.0189,244.0715
2021/12/3,76.1881,433.88303,685.263,6.0459237,675.8821,255.17267
2021/12/4,77.45398,433.88303,685.263,6.0744867,690.32715,284.93167
2021/12/5,74.28929,641.85895,659.2794,6.0866137,703.60516,314.13605
2021/12/6,76.45306,641.85895,659.2794,6.086313,715.0896,320.64117
2021/12/7,79.33072,641.85895,659.2794,6.0694757,717.90784,320.1296
2021/12/8,81.332565,641.85895,659.2794,6.0178623,725.04236,358.0108
2021/12/9,83.59569,641.85895,659.2794,5.983186,726.22205,360.04282
2021/12/10,85.00876,641.85895,659.2794,5.9117284,734.618,358.63446
2021/12/11,88.821106,641.85895,659.2794,5.8504934,748.6063,355.94156
2021/12/12,93.45407,749.61957,574.2544,5.738146,762.90686,349.2516
2021/12/13,98.315186,749.61957,574.2544,5.6423345,783.4619,347.8357
2021/12/14,101.64547,749.61957,574.2544,5.5383053,808.8299,349.0048
2021/12/15,106.32995,749.61957,574.2544,5.3924837,866.3987,349.69077
2021/12/16,111.55905,749.61957,574.2544,5.247665,963.8938,349.64642
2021/12/17,120.188354,749.61957,574.2544,5.1418314,1076.781,356.66058
2021/12/18,130.73856,749.61957,574.2544,5.0569444,1179.5773,367.21674
2021/12/19,146.99255,801.553,464.66446,4.9874916,1270.5245,376.0801
2021/12/20,163.45262,801.553,464.66446,4.9086175,1354.9427,385.95865
2021/12/21,186.63216,801.553,464.66446,4.862716,1430.3217,404.40652
2021/12/22,210.63965,801.553,464.66446,4.795869,1528.3762,438.06808
2021/12/23,237.4696,801.553,464.66446,4.7478633,1627.9142,470.64212
2021/12/24,271.05582,801.553,464.66446,4.6679873,1730.2852,508.87552
2021/12/25,320.98434,801.553,464.66446,4.672397,1844.6433,557.4563
2021/12/26,345.99277,1155.1278,329.3084,4.6629763,1931.3286,592.8793
2021/12/27,375.43173,1155.1278,329.3084,4.659769,1892.5234,604.6915
2021/12/28,391.6931,1155.1278,329.3084,4.763197,1949.4196,650.31384
2021/12/29,533.27625,1155.1278,329.3084,5.051633,2077.3281,733.274
2021/12/30,589.85065,1155.1278,329.3084,5.6187825,2207.6067,811.15625
2021/12/31,652.8427,1155.1278,329.3084,6.6324162,2440.6853,910.0487
2022/1/1,723.8974,1155.1278,329.3084,8.194459,2599.81,1037.9736
2022/1/2,833.80786,2535.2715,354.56143,10.255601,2707.2976,1134.3937
2022/1/3,939.47906,2535.2715,354.56143,12.983513,2807.6885,1212.6678
2022/1/4,1050.9977,2535.2715,354.56143,16.092464,2943.4253,1287.7802
2022/1/5,1010.2578,2535.2715,354.56143,20.993465,3016.5308,1470.9437
2022/1/6,1048.3629,2535.2715,354.56143,28.788042,3148.9087,1614.4141
2022/1/7,1075.2738,2535.2715,354.56143,38.843803,3042.8354,1709.9833
2022/1/8,1086.8102,2535.2715,354.56143,50.791233,2909.5815,1799.4071
2022/1/9,1081.2683,3836.5361,574.04034,64.028305,2766.5134,1958.7664
2022/1/10,1062.6407,3836.5361,574.04034,78.657845,2714.843,2019.7458
2022/1/11,1037.8347,3836.5361,574.04034,91.75511,2536.1584,2059.768
2022/1/12,1023.4722,3836.5361,574.04034,105.447586,2333.0344,2211.6582
2022/1/13,992.3442,3836.5361,574.04034,121.13105,1996.9414,2241.3665
2022/1/14,966.7396,3836.5361,574.04034,135.87373,1747.693,2305.4011
2022/1/15,923.3907,3836.5361,574.04034,148.58646,1587.2588,2344.6638
2022/1/16,876.7998,4360.3706,825.8942,159.7681,1516.0977,2363.6772
2022/1/17,832.05255,4360.3706,825.8942,167.62201,1483.2745,2370.8774
2022/1/18,795.0698,4360.3706,825.8942,174.63295,1488.1084,2342.5164
2022/1/19,756.1809,4360.3706,825.8942,183.47745,1485.0807,2218.264
2022/1/20,727.5294,4360.3706,825.8942,190.50443,1492.649,2240.33
2022/1/21,690.0757,4360.3706,825.8942,198.82797,1510.545,2208.7856
2022/1/22,662.8152,4360.3706,825.8942,205.73029,1518.742,2160.3435
2022/1/23,631.5031,5371.9043,1353.7388,211.97716,1530.0671,2109.3438
2022/1/24,603.55444,5371.9043,1353.7388,216.78525,1537.9938,2051.8748
2022/1/25,572.1099,5371.9043,1353.7388,218.5748,1546.9365,2008.4614
2022/1/26,536.25696,5371.9043,1353.7388,218.86984,1538.241,2026.315
2022/1/27,510.5052,5371.9043,1353.7388,215.74817,1526.392,1874.4535
2022/1/28,496.49222,5371.9043,1353.7388,206.12245,1519.9132,1776.0566
2022/1/29,476.42957,5371.9043,1353.7388,195.88269,1511.2743,1690.8654
2022/1/30,456.31537,5177.059,1893.2142,185.93556,1495.132,1584.9758
2022/1/31,435.04202,5177.059,1893.2142,176.29973,1477.9064,1540.4741
2022/2/1,411.37308,5177.059,1893.2142,167.3986,1447.1827,1474.9158
2022/2/2,399.8109,5177.059,1893.2142,154.9183,1400.4299,1293.1195
2022/2/3,388.44745,5177.059,1893.2142,143.49805,1360.0887,1210.8127
2022/2/4,375.96533,5177.059,1893.2142,133.29405,1317.6587,1109.6641
2022/2/5,360.2081,5177.059,1893.2142,122.51229,1276.6805,1016.48364
2022/2/6,347.0599,3795.1328,2196.2842,109.80358,1233.1776,915.49554
2022/2/7,332.2668,3795.1328,2196.2842,97.17155,1188.7422,866.3852
2022/2/8,320.30725,3795.1328,2196.2842,87.20338,1131.8544,840.60406
2022/2/9,309.84167,3795.1328,2196.2842,78.1814,1071.9954,727.18176
2022/2/10,301.65765,3795.1328,2196.2842,67.62323,1021.1043,685.9656
2022/2/11,287.0927,3795.1328,2196.2842,58.47136,970.6512,641.20496
2022/2/12,273.9077,3795.1328,2196.2842,50.69973,919.6281,564.1325
2022/2/13,259.43845,2130.5857,2225.3445,44.426205,880.43524,511.1861
2022/2/14,258.35287,2130.5857,2225.3445,39.438915,849.47485,495.7624
2022/2/15,249.1532,2130.5857,2225.3445,35.41124,810.0892,475.40298
2022/2/16,241.51378,2130.5857,2225.3445,31.327238,764.5412,420.58102
2022/2/17,231.14023,2130.5857,2225.3445,27.686516,728.58765,383.00223
2022/2/18,219.64798,2130.5857,2225.3445,24.463713,701.83673,345.07254
2022/2/19,208.42804,2130.5857,2225.3445,21.643799,685.9605,317.7525
2022/2/20,196.77388,1257.8234,2027.2926,19.147396,662.2457,296.20813
2022/2/21,183.30554,1257.8234,2027.2926,17.337208,656.20703,284.87646
2022/2/22,172.23648,1257.8234,2027.2926,15.933715,647.75244,277.87863
2022/2/23,168.29166,1257.8234,2027.2926,14.378988,627.61017,225.22543
2022/2/24,166.529,1257.8234,2027.2926,12.71442,599.71313,228.12914
2022/2/25,160.48665,1257.8234,2027.2926,11.436203,568.0822,214.7224
2022/2/26,158.07265,1257.8234,2027.2926,10.356724,538.5697,204.09264
2022/2/27,157.0386,874.66693,1857.0964,9.385083,527.2466,191.68642
2022/2/28,152.17749,874.66693,1857.0964,8.579508,507.21954,185.35574
2022/3/1,152.14806,874.66693,1857.0964,7.929074,493.89334,179.916
2022/3/2,156.46455,874.66693,1857.0964,7.172607,492.8813,191.55424
2022/3/3,150.45163,874.66693,1857.0964,6.4122314,504.62973,170.13701
2022/3/4,152.41301,874.66693,1857.0964,5.733736,524.9606,161.40414
2022/3/5,148.98337,874.66693,1857.0964,5.174704,552.4721,151.59964
2022/3/6,149.08272,774.065,1926.6102,4.6939445,580.90765,139.08215
2022/3/7,146.18298,774.065,1926.6102,4.328038,609.5506,134.32631
2022/3/8,143.59602,774.065,1926.6102,4.0351925,646.56647,130.46642
2022/3/9,142.68343,774.065,1926.6102,3.7366347,696.5838,122.535805
2022/3/10,150.05789,774.065,1926.6102,3.4984097,749.6309,108.88019
2022/3/11,146.84535,774.065,1926.6102,3.2777233,806.942,106.088585
2022/3/12,145.70828,774.065,1926.6102,3.0465138,862.9896,101.05917
2022/3/13,143.50035,931.7388,2402.0356,2.8099926,916.67584,98.016594
2022/3/14,142.55463,931.7388,2402.0356,2.623682,965.5365,97.124405
2022/3/15,145.98059,931.7388,2402.0356,2.4808674,1021.5087,97.20178
2022/3/16,139.6696,931.7388,2402.0356,2.3105922,1087.1215,98.74608
2022/3/17,141.5169,931.7388,2402.0356,2.1457288,1136.5625,95.95322
2022/3/18,140.86188,931.7388,2402.0356,1.9787607,1174.7391,92.48901
2022/3/19,140.65948,931.7388,2402.0356,1.8245208,1200.6017,89.79571
2022/3/20,137.4028,1303.1204,2688.5752,1.6887215,1217.8986,87.31195
2022/3/21,143.9861,1303.1204,2688.5752,1.5931109,1229.0854,86.35911
2022/3/22,145.42125,1303.1204,2688.5752,1.4941928,1240.222,86.74058
2022/3/23,142.48839,1303.1204,2688.5752,1.3841504,1260.027,77.47942
2022/3/24,154.0248,1303.1204,2688.5752,1.3239176,1271.3145,77.59487
2022/3/25,151.63655,1303.1204,2688.5752,1.2394315,1276.4144,80.661705
2022/3/26,152.72948,1303.1204,2688.5752,1.1978397,1276.5234,81.88225
2022/3/27,155.18394,1893.5637,2699.4263,1.1637647,1270.5413,80.924385
2022/3/28,158.72398,1893.5637,2699.4263,1.1358031,1258.051,82.02447
2022/3/29,164.75162,1893.5637,2699.4263,1.103532,1231.4028,81.90525
2022/3/30,167.97519,1893.5637,2699.4263,1.0489116,1196.9789,79.22784
2022/3/31,191.1032,1893.5637,2699.4263,0.9774541,1157.2328,78.937965
2022/4/1,197.25963,1893.5637,2699.4263,0.9423768,1114.1908,80.22585
2022/4/2,201.6718,1893.5637,2699.4263,0.90228844,1055.2831,81.89312
2022/4/3,207.53383,2132.1836,2200.3362,0.86971664,1002.9672,81.340576
2022/4/4,214.99661,2132.1836,2200.3362,0.8339378,952.9646,80.99173
2022/4/5,222.29749,2132.1836,2200.3362,0.78743535,898.1574,81.324265
2022/4/6,225.86328,2132.1836,2200.3362,0.7727029,816.16766,79.02497
2022/4/7,242.30496,2132.1836,2200.3362,0.75346047,751.16046,82.91331
2022/4/8,245.61316,2132.1836,2200.3362,0.7308106,690.6205,80.410736
2022/4/9,249.95909,2132.1836,2200.3362,0.7197863,656.92365,77.79356
2022/4/10,252.6454,2063.319,1672.7737,0.715577,626.596,84.15477
2022/4/11,259.33173,2063.319,1672.7737,0.7103655,606.2568,85.148605
2022/4/12,261.6611,2063.319,1672.7737,0.7104657,582.73267,87.97869
2022/4/13,287.00806,2063.319,1672.7737,0.7106662,548.4617,91.174774
2022/4/14,261.90396,2063.319,1672.7737,0.70806044,516.34045,89.25696
2022/4/15,261.27472,2063.319,1672.7737,0.69202507,488.96515,90.88532
2022/4/16,260.2112,2063.319,1672.7737,0.6744864,463.67468,102.97448
2022/4/17,246.35281,1827.8774,1323.3838,0.6841076,439.84885,103.708145
2022/4/18,245.00966,1827.8774,1323.3838,0.8165996,423.1701,104.86427
2022/4/19,218.84944,1827.8774,1323.3838,0.86179924,400.52393,105.47204
2022/4/20,244.81096,1827.8774,1323.3838,0.95991546,375.07004,106.071014
2022/4/21,236.8293,1827.8774,1323.3838,1.0975187,358.3096,116.372856
2022/4/22,222.08037,1827.8774,1323.3838,1.2480505,336.8787,121.082275
2022/4/23,222.30484,1827.8774,1323.3838,1.4035932,319.74948,115.561386
2022/4/24,232.74097,1198.2911,1242.771,1.5482119,307.3578,125.78584
2022/4/25,237.15314,1198.2911,1242.771,1.584091,293.28775,128.56364
2022/4/26,249.30408,1198.2911,1242.771,1.707964,281.91226,129.54076
2022/4/27,212.58263,1198.2911,1242.771,1.7941539,264.91086,135.33603
2022/4/28,214.83102,1198.2911,1242.771,1.8866578,241.41818,139.93546
2022/4/29,220.60843,1198.2911,1242.771,1.9794623,223.81332,148.19106
2022/4/30,211.015,1198.2911,1242.771,2.0958188,209.44783,153.38025
2022/5/1,200.62303,836.79755,1014.1246,2.1690803,197.52339,158.33981
2022/5/2,190.77937,836.79755,1014.1246,2.2308164,187.34854,159.37756
2022/5/3,181.62016,836.79755,1014.1246,2.239335,175.44504,161.74963
2022/5/4,169.9108,836.79755,1014.1246,2.2671964,164.54521,167.70679
2022/5/5,161.72676,836.79755,1014.1246,2.2643902,161.94283,171.11662
2022/5/6,158.4112,836.79755,1014.1246,2.2812274,159.045,180.90105
2022/5/7,153.86287,836.79755,1014.1246,2.2929533,156.1388,188.46983
2022/5/8,151.12872,588.80536,800.947,2.3056812,153.92195,194.77585
2022/5/9,144.80302,588.80536,800.947,2.3106923,152.16817,195.43631
2022/5/10,142.72021,588.80536,800.947,2.2826304,152.22684,197.51892
2022/5/11,140.20319,588.80536,800.947,2.2517624,149.70198,212.94597
2022/5/12,131.02927,588.80536,800.947,2.2068634,142.2217,224.52524
2022/5/13,126.99612,588.80536,800.947,2.136308,136.0468,235.92673
2022/5/14,122.40363,588.80536,800.947,2.0413988,130.64299,243.74649
2022/5/15,119.29414,481.65146,694.4321,1.944786,126.42721,253.0411
2022/5/16,112.11471,481.65146,694.4321,1.8440639,123.50005,253.70242
2022/5/17,110.06502,481.65146,694.4321,1.7720051,121.21825,259.75662
2022/5/18,106.29683,481.65146,694.4321,1.6649692,118.525764,269.13153
2022/5/19,100.37223,481.65146,694.4321,1.618567,115.46242,281.41437
2022/5/20,97.95456,481.65146,694.4321,1.5602385,113.18481,289.20483
2022/5/21,95.26089,481.65146,694.4321,1.5066203,111.462456,293.81638
2022/5/22,92.199234,360.57794,496.94766,1.4804627,109.11361,307.22522
2022/5/23,87.14309,360.57794,496.94766,1.4624228,106.80666,310.2816
2022/5/24,84.55614,360.57794,496.94766,1.4730463,102.66632,309.71774
2022/5/25,79.260796,360.57794,496.94766,1.5026114,98.257774,304.48004
2022/5/26,73.9213,360.57794,496.94766,1.5290698,94.890594,306.0394
2022/5/27,69.91024,360.57794,496.94766,1.5742694,92.072395,309.17484
2022/5/28,68.97923,360.57794,496.94766,1.6105493,89.83669,310.6154
2022/5/29,67.70967,251.93272,317.9714,1.6708822,88.97343,309.829
2022/5/30,65.41344,251.93272,317.9714,1.7394333,88.90847,309.68054
2022/5/31,64.64066,251.93272,317.9714,1.8058798,88.244255,305.74283
2022/6/1,64.47138,251.93272,317.9714,1.868117,87.829384,282.59183
2022/6/2,63.363743,251.93272,317.9714,1.9767563,88.696846,292.0617
2022/6/3,64.802574,251.93272,317.9714,2.1101503,90.20128,286.6387
2022/6/4,63.84213,251.93272,317.9714,2.2381325,91.156746,285.96317
2022/6/5,62.65353,329.09384,416.4792,2.3826509,93.7256,282.60187
2022/6/6,50.270752,329.09384,416.4792,2.5642512,98.972275,287.37863
2022/6/7,47.96715,329.09384,416.4792,2.7021549,107.636406,290.66214
2022/6/8,45.37284,329.09384,416.4792,2.9515045,117.34191,309.12463
2022/6/9,39.764713,329.09384,416.4792,3.3050838,126.38949,307.58746
2022/6/10,47.308456,329.09384,416.4792,3.6601663,136.39044,309.09662
2022/6/11,51.893578,329.09384,416.4792,4.097831,147.0975,306.75674
2022/6/12,46.624,430.7515,563.0856,4.529983,155.79097,309.96454
2022/6/13,43.308434,430.7515,563.0856,4.8873706,161.20737,305.88043
2022/6/14,40.69572,430.7515,563.0856,5.176007,167.23769,303.95886
2022/6/15,33.81068,430.7515,563.0856,5.5356994,174.62367,300.48462
2022/6/16,25.229214,430.7515,563.0856,6.0340977,182.43921,294.50446
2022/6/17,10.999143,430.7515,563.0856,6.56156,188.83621,293.92557
2022/6/18,85.78522,430.7515,563.0856,7.0513396,194.9252,290.41577
2022/6/19,85.78522,662.146,703.00494,7.483993,201.49402,281.19183
2022/6/20,85.78522,662.146,703.00494,7.9547305,208.92401,280.41635
2022/6/21,85.78522,662.146,703.00494,8.288365,217.94225,279.07617
2022/6/22,85.78522,662.146,703.00494,8.631823,227.72737,262.71555
2022/6/23,85.78522,662.146,703.00494,8.742065,239.78592,282.99463
2022/6/24,85.78522,662.146,703.00494,9.191957,252.43326,279.23972
2022/6/25,56.901886,662.146,703.00494,9.464959,263.67462,281.03622
2022/6/26,56.901886,1015.03186,975.57227,9.348702,272.95898,296.8276
2022/6/27,56.901886,1015.03186,975.57227,9.778851,279.61578,300.24036
2022/6/28,56.901886,1015.03186,975.57227,9.966264,287.53818,303.86307
2022/6/29,56.901886,1015.03186,975.57227,10.192462,298.35422,322.38705
2022/6/30,56.901886,1015.03186,975.57227,10.744278,307.0393,309.128
2022/7/1,56.901886,1015.03186,975.57227,10.717619,314.85065,315.30222
2022/7/2,65.32512,1015.03186,975.57227,10.833074,324.59387,319.8979
2022/7/3,65.32512,1625.9579,1058.0574,11.270437,335.69904,323.65405
2022/7/4,65.32512,1625.9579,1058.0574,11.176431,346.51297,325.3966
2022/7/5,65.32512,1625.9579,1058.0574,11.306016,361.18436,326.2407
2022/7/6,65.32512,1625.9579,1058.0574,11.471682,379.2041,304.9991
2022/7/7,65.32512,1625.9579,1058.0574,11.482805,392.55963,311.22983
2022/7/8,65.32512,1625.9579,1058.0574,11.657691,403.23947,309.888
2022/7/9,83.393295,1625.9579,1058.0574,11.832877,407.8785,313.12506
2022/7/10,83.393295,2009.0809,1069.2245,12.048753,409.8921,311.10437
2022/7/11,83.393295,2009.0809,1069.2245,12.103173,408.39395,314.19922
2022/7/12,83.393295,2009.0809,1069.2245,12.15619,402.7701,318.7752
2022/7/13,83.393295,2009.0809,1069.2245,12.231054,394.64447,347.18024
2022/7/14,83.393295,2009.0809,1069.2245,12.3522215,385.28052,353.22275
2022/7/15,83.393295,2009.0809,1069.2245,12.474792,373.03967,357.5101
2022/7/16,101.40628,2009.0809,1069.2245,12.595458,361.82135,365.20145
2022/7/17,101.40628,1519.7174,1147.0035,12.823059,348.72144,371.5292
2022/7/18,101.40628,1519.7174,1147.0035,12.848816,335.6697,372.36578
2022/7/19,101.40628,1519.7174,1147.0035,13.040539,319.2005,371.9199
2022/7/20,101.40628,1519.7174,1147.0035,13.406445,295.92575,366.91348
2022/7/21,101.40628,1519.7174,1147.0035,13.54946,274.39426,364.92245
2022/7/22,101.40628,1519.7174,1147.0035,13.734067,258.28757,366.12836
2022/7/23,119.3567,1519.7174,1147.0035,13.871069,243.74188,370.08615
2022/7/24,119.3567,1160.8086,1065.5378,13.846114,231.2098,380.08975
2022/7/25,119.3567,1160.8086,1065.5378,13.839199,220.5593,378.2836
2022/7/26,119.3567,1160.8086,1065.5378,13.769244,208.06912,377.66833
2022/7/27,119.3567,1160.8086,1065.5378,13.544349,196.7146,379.64093
2022/7/28,119.3567,1160.8086,1065.5378,13.443226,186.35326,375.16742
2022/7/29,119.3567,1160.8086,1065.5378,13.295801,174.56711,375.9818
2022/7/30,122.60971,1160.8086,1065.5378,13.19528,164.44882,374.4714
2022/7/31,122.60971,732.164,842.2125,13.134545,156.33995,396.52316
2022/8/1,122.60971,732.164,842.2125,13.094257,150.87326,390.10422
2022/8/2,122.60971,732.164,842.2125,12.984415,144.9037,383.13776
2022/8/3,122.60971,732.164,842.2125,12.866355,137.64554,388.42273
2022/8/4,122.60971,732.164,842.2125,12.7998085,132.29199,385.35632
2022/8/5,122.60971,732.164,842.2125,12.814039,127.70116,380.7569
2022/8/6,106.160675,732.164,842.2125,12.713618,123.44138,375.13898
2022/8/7,106.160675,471.60568,616.6055,12.619911,119.334564,329.62668
2022/8/8,106.160675,471.60568,616.6055,12.590146,115.34298,327.67245
2022/8/9,106.160675,471.60568,616.6055,12.491629,111.40588,325.52374
2022/8/10,106.160675,471.60568,616.6055,12.382588,107.70346,316.98624
2022/8/11,106.160675,471.60568,616.6055,12.022395,103.80408,306.9136
2022/8/12,106.160675,471.60568,616.6055,11.622514,100.44109,302.11298
2022/8/13,94.54331,471.60568,616.6055,11.262621,98.12996,299.48578
2022/8/14,94.54331,336.01254,506.77942,10.796994,95.59672,293.4734
2022/8/15,94.54331,336.01254,506.77942,10.671719,93.658554,292.3641
2022/8/16,94.54331,336.01254,506.77942,10.277048,91.1777,287.46646
2022/8/17,94.54331,336.01254,506.77942,9.577005,87.732994,287.7651
2022/8/18,94.54331,336.01254,506.77942,9.20709,84.06619,283.31378
2022/8/19,94.54331,336.01254,506.77942,9.126212,80.47063,275.64166
2022/8/20,87.97106,336.01254,506.77942,8.87135,77.05736,271.11713
2022/8/21,87.97106,264.95886,447.37946,8.615487,74.27687,269.7598
2022/8/22,87.97106,264.95886,447.37946,8.075697,72.19623,268.93787
2022/8/23,87.97106,264.95886,447.37946,8.052947,69.51841,271.78177
2022/8/24,87.97106,264.95886,447.37946,8.211998,67.00403,264.4029
2022/8/25,87.97106,264.95886,447.37946,8.023282,65.36759,259.95236
2022/8/26,87.97106,264.95886,447.37946,7.472267,64.36603,264.37442
2022/8/27,84.93884,264.95886,447.37946,7.0962386,62.756824,262.61264
2022/8/28,84.93884,260.12045,387.32202,6.885474,61.581352,255.28896
2022/8/29,84.93884,260.12045,387.32202,6.6910458,60.76418,255.51985
2022/8/30,84.93884,260.12045,387.32202,6.3756504,59.410603,255.17519
2022/8/31,84.93884,260.12045,387.32202,6.033096,58.233036,253.73128
2022/9/1,84.93884,260.12045,387.32202,5.754582,59.171738,253.8258
2022/9/2,84.93884,260.12045,387.32202,5.344879,59.301647,249.7869
2022/9/3,77.59382,260.12045,387.32202,5.113469,60.462452,247.06764
2022/9/4,77.59382,236.85521,342.7725,4.850991,61.21048,242.75475
2022/9/5,77.59382,236.85521,342.7725,4.6825194,61.849552,240.9712
2022/9/6,77.59382,236.85521,342.7725,4.5800934,63.628475,239.79248
2022/9/7,77.59382,236.85521,342.7725,4.3944845,64.59861,216.45157
2022/9/8,77.59382,236.85521,342.7725,4.239042,63.24084,217.61523
2022/9/9,77.59382,236.85521,342.7725,4.2315254,62.442528,205.38387
2022/9/10,67.996704,236.85521,342.7725,4.0654593,61.17905,197.72054
2022/9/11,67.996704,249.75244,346.72592,3.890975,60.644745,188.02103
2022/9/12,67.996704,249.75244,346.72592,3.8219228,60.332542,186.85779
2022/9/13,67.996704,249.75244,346.72592,3.8171122,60.456165,185.16835
2022/9/14,67.996704,249.75244,346.72592,3.7899523,60.83961,200.00435
2022/9/15,67.996704,249.75244,346.72592,3.7926583,62.03394,174.48462
2022/9/16,67.996704,249.75244,346.72592,3.8132036,63.580284,173.57652
2022/9/17,61.549564,249.75244,346.72592,3.8325462,65.43883,178.71803
2022/9/18,61.549564,419.72784,388.90884,3.891476,66.65621,170.19891
2022/9/19,61.549564,419.72784,388.90884,3.8550959,67.186325,168.29196
2022/9/20,61.549564,419.72784,388.90884,3.822424,67.16956,168.28026
2022/9/21,61.549564,419.72784,388.90884,3.7624917,68.96735,162.79199
2022/9/22,61.549564,419.72784,388.90884,3.6643755,74.582794,159.28304
2022/9/23,61.549564,419.72784,388.90884,3.5726733,79.98871,156.96576
2022/9/24,64.61122,419.72784,388.90884,3.488989,84.55859,157.64964
2022/9/25,64.61122,512.8044,486.805,3.400093,89.48468,154.23062
2022/9/26,64.61122,512.8044,486.805,3.327032,94.09019,153.51912
2022/9/27,64.61122,512.8044,486.805,3.2455525,100.1687,151.47247
2022/9/28,64.61122,512.8044,486.805,3.155855,105.30642,148.48093
2022/9/29,64.61122,512.8044,486.805,3.0384963,106.19902,144.62982
2022/9/30,64.61122,512.8044,486.805,2.894579,108.00309,142.20212
2022/10/1,68.60388,512.8044,486.805,2.7836347,110.26603,137.1635
2022/10/2,68.60388,689.23175,779.5608,2.6431248,112.633736,134.36604
2022/10/3,68.60388,689.23175,779.5608,2.5310779,115.45403,132.83138
2022/10/4,68.60388,689.23175,779.5608,2.4045992,119.56924,132.22946
2022/10/5,68.60388,689.23175,779.5608,2.289646,126.01024,130.02345
2022/10/6,68.60388,689.23175,779.5608,2.114961,131.69064,128.8807
2022/10/7,68.60388,689.23175,779.5608,1.9195303,135.49783,123.0323
2022/10/8,72.25064,689.23175,779.5608,1.8185076,138.62823,119.45475
2022/10/9,72.25064,856.72015,1009.2928,1.7564709,141.42548,117.36292
2022/10/10,72.25064,856.72015,1009.2928,1.6976413,141.40034,116.999435
2022/10/11,72.25064,856.72015,1009.2928,1.6965388,140.04677,116.73341
2022/10/12,72.25064,856.72015,1009.2928,1.6635661,137.54286,113.4085
2022/10/13,72.25064,856.72015,1009.2928,1.689323,134.39151,113.61806
2022/10/14,72.25064,856.72015,1009.2928,1.7575734,131.32816,110.803444
2022/10/15,75.11358,856.72015,1009.2928,1.7207923,128.69853,108.45689
2022/10/16,75.11358,871.38654,1095.7908,1.6852138,126.64512,105.10562
2022/10/17,75.11358,871.38654,1095.7908,1.6487335,125.36488,102.89584
2022/10/18,75.11358,871.38654,1095.7908,1.6071419,123.734726,102.03042
2022/10/19,75.11358,871.38654,1095.7908,1.5877992,122.69754,105.97941
2022/10/20,75.11358,871.38654,1095.7908,1.5231568,120.128685,106.33202
2022/10/21,75.11358,871.38654,1095.7908,1.4671333,117.67507,82.29593
2022/10/22,78.948006,871.38654,1095.7908,1.435263,114.41057,132.77615
2022/10/23,78.948006,774.8695,925.26843,1.3944731,110.905106,118.68051
2022/10/24,78.948006,774.8695,925.26843,1.3217127,107.816605,116.14991
2022/10/25,78.948006,774.8695,925.26843,1.2535626,103.08748,111.48566
2022/10/26,78.948006,774.8695,925.26843,1.1417161,96.39294,97.32267
2022/10/27,78.948006,774.8695,925.26843,1.0385889,91.00798,81.01013
2022/10/28,78.948006,774.8695,925.26843,1.0475085,86.50514,187.73701
2022/10/29,78.59842,774.8695,925.26843,0.99358964,82.8991,106.726875
2022/10/30,78.59842,495.36435,635.23773,0.95450354,78.926384,106.726875
2022/10/31,78.59842,495.36435,635.23773,0.95370173,76.02437,106.726875
2022/11/1,78.59842,495.36435,635.23773,0.9721424,73.40103,106.726875
2022/11/2,78.59842,495.36435,635.23773,1.0082219,69.88509,106.726875
2022/11/3,78.59842,495.36435,635.23773,1.0291681,67.546715,106.726875
2022/11/4,78.59842,495.36435,635.23773,0.92974895,64.53994,111.80815
2022/11/5,77.14487,495.36435,635.23773,0.8804403,62.07375,111.80815
2022/11/6,77.14487,341.41547,413.82376,0.8331361,59.36241,111.80815
2022/11/7,77.14487,341.41547,413.82376,0.7941501,57.43891,111.80815
2022/11/8,77.14487,341.41547,413.82376,0.7519572,55.335213,111.80815
2022/11/9,77.14487,341.41547,413.82376,0.71397346,53.642197,111.80815
2022/11/10,77.14487,341.41547,413.82376,0.68340605,52.13357,111.80815
2022/11/11,77.14487,341.41547,413.82376,0.6459235,51.21582,118.33041
2022/11/12,67.694954,341.41547,413.82376,0.62096846,50.224735,118.33041
2022/11/13,67.694954,335.72137,343.21082,0.58108056,49.77634,118.33041
2022/11/14,67.694954,335.72137,343.21082,0.54199445,49.290226,118.33041
2022/11/15,67.694954,335.72137,343.21082,0.55924916,48.546387,118.33041
2022/11/16,67.694954,335.72137,343.21082,0.52300256,47.712452,118.33041
2022/11/17,67.694954,335.72137,343.21082,0.4784544,47.094334,118.33041
2022/11/18,67.694954,335.72137,343.21082,0.4567065,46.432213,115.02055
2022/11/19,56.26159,335.72137,343.21082,0.42431843,46.0802,115.02055
2022/11/20,56.26159,492.7062,288.2536,0.39602274,45.828762,115.02055
2022/11/21,56.26159,492.7062,288.2536,0.37953642,45.824574,115.02055
2022/11/22,56.26159,492.7062,288.2536,0.35478187,45.778477,115.02055
2022/11/23,56.26159,492.7062,288.2536,0.34065074,45.809906,115.02055
2022/11/24,56.26159,492.7062,288.2536,0.3179006,46.377735,115.02055
2022/11/25,56.26159,492.7062,288.2536,0.28693235,47.12367,125.55579
2022/11/26,53.659916,492.7062,288.2536,0.27019545,47.7355,125.55579
2022/11/27,53.659916,652.60034,289.82,0.25526255,48.005795,125.55579
2022/11/28,53.659916,652.60034,289.82,0.24373715,48.257233,125.55579
2022/11/29,53.659916,652.60034,289.82,0.2358197,49.426422,125.55579
2022/11/30,53.659916,652.60034,289.82,0.22770181,50.895237,125.55579
2022/12/1,53.659916,652.60034,289.82,0.21597597,52.112617,125.55579
2022/12/2,53.659916,652.60034,289.82,0.20876007,52.875313,126.57138
2022/12/3,55.691208,652.60034,289.82,0.19513002,53.244087,126.57138
2022/12/4,55.691208,853.59973,314.0061,0.18340418,54.69824,126.57138
2022/12/5,55.691208,853.59973,314.0061,0.17688982,55.111015,126.57138
2022/12/6,55.691208,853.59973,314.0061,0.17187878,55.819233,126.57138
2022/12/7,55.691208,853.59973,314.0061,0.16055383,57.25662,126.57138
2022/12/8,55.691208,853.59973,314.0061,0.15554279,59.048115,126.57138
2022/12/9,55.691208,853.59973,314.0061,0.15293704,61.593925,193.33905
2022/12/10,59.64707,853.59973,314.0061,0.14862755,63.75629,193.33905
2022/12/11,59.64707,954.96625,338.9465,0.14331584,65.05539,193.33905
2022/12/12,59.64707,954.96625,338.9465,0.13660105,66.77774,193.33905
2022/12/13,59.64707,954.96625,338.9465,0.13148977,68.54828,193.33905
2022/12/14,59.64707,954.96625,338.9465,0.13008669,72.0286,193.33905
2022/12/15,59.64707,954.96625,338.9465,0.12597764,75.94684,193.33905
2022/12/16,59.64707,954.96625,338.9465,0.117258415,78.750374,186.55913
2022/12/17,61.1779,954.96625,338.9465,0.11294892,82.01278,186.55913
2022/12/18,61.1779,869.42847,378.78317,0.11324958,85.926834,186.55913
2022/12/19,61.1779,869.42847,378.78317,0.11084428,88.38464,186.55913
2022/12/20,61.1779,869.42847,378.78317,0.110643834,90.7754,186.55913
2022/12/21,61.1779,869.42847,378.78317,0.1085392,95.14832,186.55913
2022/12/22,61.1779,869.42847,378.78317,0.10703588,98.333206,186.55913
2022/12/23,61.1779,869.42847,378.78317,0.10713611,100.99216,212.49045
2022/12/24,64.02244,869.42847,378.78317,0.110543616,102.63279,212.49045
2022/12/25,64.02244,666.4021,392.02298,0.11565488,101.9141,212.49045
2022/12/26,64.02244,666.4021,392.02298,0.121768355,100.63386,212.49045
2022/12/27,64.02244,666.4021,392.02298,0.1262783,96.27979,212.49045
2022/12/28,64.02244,666.4021,392.02298,0.13199088,87.6408,212.49045
2022/12/29,64.02244,666.4021,392.02298,0.14030921,83.39569,212.49045
2022/12/30,64.02244,666.4021,392.02298,0.14832689,84.6885,164.05103
2022/12/31,60.331528,666.4021,392.02298,0.1508324,86.45066,164.05103
2023/1/1,60.331528,337.17047,257.50284,0.1546408,87.25736,164.05103
2023/1/2,60.331528,337.17047,257.50284,0.15233572,87.58213,164.05103
2023/1/3,60.331528,337.17047,257.50284,0.15003064,87.51718,164.05103
2023/1/4,60.331528,337.17047,257.50284,0.14872776,87.74138,164.05103
2023/1/5,60.331528,337.17047,257.50284,0.1407101,87.01849,164.05103
2023/1/6,60.331528,337.17047,257.50284,0.13920678,81.09084,197.30894
2023/1/7,61.42077,337.17047,257.50284,0.13800414,74.73156,197.30894
2023/1/8,61.42077,179.64333,221.39871,0.1277816,69.962616,197.30894
2023/1/9,61.42077,179.64333,221.39871,0.12748094,66.7044,197.30894
2023/1/10,61.42077,179.64333,221.39871,0.12617807,64.94015,197.30894
2023/1/11,61.42077,179.64333,221.39871,0.12577718,61.89984,197.30894
2023/1/12,61.42077,179.64333,221.39871,0.12667917,55.316357,197.30894
2023/1/13,61.42077,179.64333,221.39871,0.121267244,49.14565,187.42831
2023/1/14,61.807156,179.64333,221.39871,0.11775952,44.529667,187.42831
2023/1/15,61.807156,96.73257,151.35663,0.111846484,40.92782,187.42831
2023/1/16,61.807156,96.73257,151.35663,0.10623412,38.342197,187.42831
2023/1/17,61.807156,96.73257,151.35663,0.10202484,36.30974,187.42831
2023/1/18,61.807156,96.73257,151.35663,0.098717555,34.12642,187.42831
2023/1/19,61.807156,96.73257,151.35663,0.092403635,32.215492,187.42831
2023/1/20,61.807156,96.73257,151.35663,0.08949723,31.11545,128.84097
2023/1/21,50.318592,96.73257,151.35663,0.08468663,30.170462,128.84097
2023/1/22,50.318592,70.438034,106.80709,0.08829458,29.619394,128.84097
2023/1/23,50.318592,70.438034,106.80709,0.086290166,29.669682,128.84097
2023/1/24,50.318592,70.438034,106.80709,0.08729237,29.784924,128.84097
2023/1/25,50.318592,70.438034,106.80709,0.08368442,29.975597,128.84097
2023/1/26,50.318592,70.438034,106.80709,0.08348398,31.159452,128.84097
2023/1/27,50.318592,70.438034,106.80709,0.07887382,32.272064,123.33723
2023/1/28,42.152954,70.438034,106.80709,0.07506543,33.351154,123.33723
2023/1/29,42.152954,66.6731,124.52871,0.07195858,34.574818,123.33723
2023/1/30,42.152954,66.6731,124.52871,0.070555486,35.494663,123.33723
2023/1/31,42.152954,66.6731,124.52871,0.068150185,36.642895,123.33723
2023/2/1,42.152954,66.6731,124.52871,0.069052175,38.530773,123.33723